Light (lux),Temperature (Â°C),Humidity (%),Soil Moisture (%),Growth
25599.706536604936,10.55398786515859,38.31939786151342,41.99866468148939,Not Normal
57289.28685254539,21.257028421350743,37.28851593503999,48.817476845525476,Not Normal
45259.66679962728,31.18837507629225,83.43782063647257,18.775734433587445,Not Normal
37926.216630837014,26.966746592286835,37.46823398946543,39.36807547838494,Not Normal
13581.02522433401,29.196834435843492,39.03648082900417,36.44602907290618,Not Normal
13579.698618491146,24.763501001321522,73.15787836925746,50.80567072335491,Not Normal
8194.59866925097,25.768296935535574,51.481788971537796,54.83478832646933,Not Normal
52639.68801762143,30.47586954695958,74.36973898686269,5.668622431256274,Not Normal
38061.32564587648,12.490040265775578,24.575631029506965,42.07109554823359,Not Normal
43943.9917787825,19.682748909294215,54.1299835571369,7.850968951585096,Not Normal
6132.147186269134,11.636283254588067,22.352952012829785,35.18722657925458,Not Normal
58345.04186890969,34.630040239899415,24.38572424187482,20.8198000974023,Not Normal
50784.34524402319,33.321780190598396,83.45062173410876,21.872712973717768,Not Normal
16678.65108730519,6.182804341055177,29.74717597823166,24.41271768987961,Not Normal
15000.373196390534,26.167255175470654,57.2694477592652,39.17108469772856,Not Normal
15087.24804193886,32.757449522469976,48.77669218204946,23.372748111782307,Not Normal
21733.323362774576,10.417260353820005,44.31403283811899,45.29844778246542,Not Normal
33861.60373977308,22.038356916578884,82.98833419810907,27.249006206562832,Not Normal
28756.976025316366,32.46464892764126,21.527637774284266,8.759426017047724,Not Normal
21017.602710892304,6.0183793575739655,66.46527803229124,48.106791336625896,Not Normal
38651.90920973087,25.922608017405196,87.43761039494854,20.71670785259883,Not Normal
12672.1623358623,13.920470221176522,59.211772842328934,28.802178377959446,Not Normal
21067.955669436997,32.73188586129591,85.57757234231643,42.69941357720458,Not Normal
25149.901381153042,34.131747354961036,23.658051550021664,23.28508864317916,Not Normal
30083.849131936975,33.32799467340302,49.31553233519129,8.112211088069358,Not Normal
48184.67787661575,19.226426499723914,38.21104536734358,25.56565758570475,Not Normal
15982.058018709786,30.861279529679404,71.15746754865108,56.94467204818669,Not Normal
33282.89411274864,30.33648195605211,88.69079633480726,40.2953918514207,Not Normal
37582.80128741234,14.573014197297669,37.957104371097344,41.93135317669638,Not Normal
7554.772699599875,29.86746422452032,65.79222210318521,39.775518450070194,Not Normal
38414.966854579114,6.110229041464779,33.86683429318181,15.944567642769023,Not Normal
14378.826802801033,22.88809635446159,59.57311782001269,28.008362525625408,Normal
8577.837614190374,11.900265118631092,52.47527406818353,46.3016889099825,Not Normal
57188.704548933325,8.617006573318363,88.0403730742076,10.575509365423752,Not Normal
58109.761819100764,7.308596048876275,62.59690908875266,20.281902684934174,Not Normal
49461.85414640536,25.888663276344193,44.46544604607732,20.19755096562195,Not Normal
21753.75730453539,15.196248913041984,27.986704942155335,28.76104101769783,Not Normal
10371.966270351113,26.743003145862843,30.58727801144542,58.92028075182018,Not Normal
42632.81645816863,6.960690223968271,35.772185096586455,8.712640067610206,Not Normal
29208.387155678072,14.45871013491831,37.567666293820864,33.52855469093272,Not Normal
11712.102916462834,21.184738771260115,79.54312404887965,14.865057510671575,Not Normal
32234.73005611986,28.721694945168906,59.28559517977674,58.387209997535926,Not Normal
6891.368661337012,14.562575087962097,56.63736379620565,11.231692760010532,Not Normal
55012.62211433301,23.776741293110273,28.033821030845225,27.198055129887518,Not Normal
19232.898988000932,31.579332447085616,80.20977853446044,45.58367416590334,Not Normal
41438.725639469005,23.475895645469137,70.59700122459387,43.75049354150949,Not Normal
22144.1091849176,11.988784242609013,24.73678533300011,28.250075029166275,Not Normal
33603.741164779596,5.73202344669614,69.5484568060838,24.058829237399504,Not Normal
35069.06536388038,31.102966217027898,58.04767521398522,26.86868082040788,Not Normal
15166.995053903987,5.638082325511614,25.720774202274477,19.535194473725163,Not Normal
58327.15452705072,31.24105018052598,52.08104490700595,16.293311628873987,Not Normal
47632.3052848613,20.86811402081636,53.92874009910329,31.56718336573895,Normal
56672.4417860304,33.17203095538689,31.6042178114293,19.7693565837184,Not Normal
54215.50427352069,28.96349707320996,86.19887029001976,20.810391569348756,Not Normal
37884.49883460968,34.93802331600013,79.49827600364634,41.12158349110064,Not Normal
55703.082926271425,15.521354463551305,66.83156361303759,58.26955324349407,Not Normal
9867.087612855572,28.015648667933807,52.360689270042506,38.20004603076563,Not Normal
15779.057433052985,17.057927408277266,48.82358791091559,9.233870688573145,Not Normal
7487.500890079594,19.396268609117264,65.5681427005668,9.157098761973684,Not Normal
22893.168191979537,23.825163896551103,58.180230858483384,57.328277146506124,Not Normal
26377.25093292151,31.21031342559016,24.359117411731994,21.35099346690335,Not Normal
19924.196747564274,34.52250407597886,55.87518541392322,10.063684234536149,Not Normal
50580.56300335612,28.048202415935545,76.44825320629877,37.947452293270985,Not Normal
24621.432968147412,17.533003465020013,52.146791431787065,39.300682805964634,Normal
20451.39803280594,17.640710068312103,23.636960428798787,40.667765106527845,Not Normal
34848.28457370367,27.127469047666743,75.03947395688232,19.707111532164774,Not Normal
12750.832373611946,12.16331437304907,34.09546474951821,5.831087631796127,Not Normal
49120.833941472185,8.31422339394184,38.10345844216272,58.07584531999595,Not Normal
9100.285402387395,15.638664729223295,31.529444740260715,18.799117513010636,Not Normal
59278.78151302845,13.617169749622452,43.115054541004824,42.18144584289011,Not Normal
47473.46231131616,13.889243613679703,72.97260539820445,43.86464284332903,Not Normal
15929.362484379482,12.008232531497299,56.35701016527561,38.550407939371716,Not Normal
5303.716441798132,6.262795689090856,34.34168919054988,22.209906681750653,Not Normal
49850.378565015875,5.536218042002414,81.44810547064286,19.91029395702362,Not Normal
43877.15391161894,34.63167169208094,81.57072984660704,37.87175554864867,Not Normal
45095.394242254304,17.83319401207587,80.94048975322048,52.63525984864303,Not Normal
47419.86906772701,16.52979941479045,36.71573479670775,57.070355090786755,Not Normal
9072.45584537497,25.389418480792095,51.58675409266917,10.824819242206669,Not Normal
24715.615069934993,11.547616635951925,88.94927592986126,13.515573692874591,Not Normal
11372.798273882134,33.49883551850676,74.04087334169932,56.96049423306938,Not Normal
52470.68842315764,28.59035043246656,21.901719485789187,45.509437558413595,Not Normal
39281.39697551569,7.682330069367786,24.564321388234443,53.56466036563752,Not Normal
23199.391366895707,17.52742327354785,52.475196376863295,16.14479487744387,Not Normal
8495.7092657313,31.37354922686494,83.64541441030921,37.317222911017105,Not Normal
22104.027694361423,33.34196066874231,57.709125856689994,43.56267769296105,Not Normal
22885.08271147109,19.022045337496092,54.846875562400314,42.4061536995835,Not Normal
45128.339808593526,23.40234167632123,27.38315899696414,27.448342997668398,Not Normal
40065.66092453672,10.011018382762256,65.9746073307006,5.846719043021967,Not Normal
53796.70084169796,34.7350587841093,77.54722124201578,37.060933124234474,Not Normal
30971.82088390721,11.950151041503302,46.62940052552936,18.920584654878482,Not Normal
11577.683526606594,33.281953224053765,74.29282956477292,29.76398353785897,Not Normal
44228.46329726472,24.489399469771055,87.51336577305682,57.666955829609954,Not Normal
46843.17767392936,23.232103846365774,34.26365213893824,26.94694247033391,Not Normal
35870.24586632229,20.38065533049526,56.63307418363189,51.18908836654347,Not Normal
47403.194897500856,11.92009435153276,40.09965706592028,15.369733316208812,Not Normal
32158.75780004149,10.295840960165247,75.49980933236876,41.985327391376586,Not Normal
33750.305616009675,11.61458627210526,60.43153561168103,58.73538249414189,Not Normal
28514.75600972023,10.593147864327635,64.42076922852127,10.604120548011522,Not Normal
6398.051970925235,28.3875342070026,75.85399117311258,5.45759682249556,Not Normal
10934.028484631745,15.503757775001903,47.71793308637184,28.84705359479379,Not Normal
6728.605212770384,6.735280296901891,84.05630478849302,10.094401567825196,Not Normal
40002.57261950792,34.07307890422434,57.3120207072298,46.161139232192724,Not Normal
22289.578959197966,31.51357654890277,31.05683759847436,55.30017651167074,Not Normal
32971.388014058655,32.83256849585639,68.71293827181617,28.871153498981737,Not Normal
54916.156065935116,34.847234679393054,75.52829453067781,19.229140318549252,Not Normal
18711.07260318812,10.216857476584618,42.173317394726865,28.89218254536354,Not Normal
27571.060766959636,16.887260567079764,80.0025479899127,44.78962998175005,Not Normal
46555.31261986768,27.74715427112274,83.43002783360365,5.497978886920404,Not Normal
17583.899102039235,25.880618541613767,39.38331411644663,37.419969421658344,Not Normal
9233.895040583615,9.616877190195652,88.84650309006554,38.73104266880585,Not Normal
20936.329910257242,29.474993749718532,29.849806963413087,40.072853579276455,Not Normal
13867.170798970243,11.733217155099819,34.141096788174295,18.311214398948245,Not Normal
56133.37087884152,11.714528444678692,32.89573874666183,44.27289978579697,Not Normal
49446.620876042936,21.109232686802407,82.57927970055093,10.026531748247702,Not Normal
39837.20660807329,22.788198045251093,65.80047866274734,15.959868505674045,Not Normal
52930.33246032448,22.402586235134336,30.647299825559102,53.26085256599651,Not Normal
49201.964229451296,7.744605121932646,50.82263928578443,45.62977328996115,Not Normal
15261.353238731972,31.32382587891141,63.07086175488614,5.756005470623989,Not Normal
54090.74491694878,12.968001277661182,25.84248594925683,18.66069432033901,Not Normal
34663.82330536079,8.885447638484125,81.76914578851371,16.79235656462405,Not Normal
49409.20853402344,31.662442396069316,76.25224748090747,19.894348042033492,Not Normal
54285.02149579213,33.6695449468926,55.36447415036468,18.61578736539375,Not Normal
22490.191123452514,30.86382851796352,87.69886306814193,8.438946265856515,Not Normal
11052.855849022222,29.285482241746344,49.24326854925698,30.24172841282512,Not Normal
17536.433939806793,24.65725941917065,88.88772233255484,45.300341113239085,Not Normal
28490.928374444098,21.52572111827418,66.7543999162539,38.370244859459,Normal
49990.812125737124,7.609602797342304,64.4269891277759,42.00794177289439,Not Normal
52340.182079098886,17.25359639212096,31.616842670704948,9.463204819493154,Not Normal
5382.367179215489,16.18065551036942,81.73494308132507,57.3319890597233,Not Normal
33091.101641766116,12.792613512809787,49.92427815444306,51.117050861366366,Not Normal
27957.605173182845,26.70260341065755,31.356338404773552,49.27996751726145,Not Normal
17215.929575890164,19.876272052363124,20.88252639830313,50.26410927729721,Not Normal
11592.595203352554,7.431386477229438,59.18289785468678,56.299077947301875,Not Normal
23568.834427199537,11.60549605849434,56.91797354858734,34.93396813625337,Not Normal
56860.033715188554,25.497762909787877,70.3547535658411,16.015510982719427,Not Normal
22776.161261141537,7.283925784709005,82.31806371124614,38.92309843188976,Not Normal
33533.48419588513,30.53620742146306,25.558460925012067,45.858482151736645,Not Normal
43666.042739234785,19.85439581041923,71.20475432382537,45.5854566344714,Not Normal
24999.62813086117,19.41759731979944,33.118836086830754,33.679696329178405,Not Normal
58448.014549652835,22.772233539785528,80.07239372100148,8.765229563346793,Not Normal
57934.60122181612,29.740428977754476,77.33444597031593,25.41121161365703,Not Normal
18848.02627039503,15.434276237065792,57.85556284898811,55.64216346548466,Not Normal
32348.6678240812,25.340484576771907,69.71699590363181,37.14469003665843,Not Normal
21548.307039922332,21.97195891987373,42.00450792286239,34.60825687906424,Not Normal
20666.22719076072,13.01084810508264,52.98175292529702,19.78694329102064,Not Normal
7028.782104499303,31.35889959065474,77.51458283973301,25.26469059541184,Not Normal
38526.038368894326,28.922780648207844,52.148563802124976,54.24403490342431,Not Normal
32647.34627758738,24.753555039752765,45.04587857278092,41.655467613975965,Not Normal
7831.331318749415,30.51745187282726,54.59487130752099,48.30628647137831,Not Normal
20325.555533013627,31.01882602879407,77.97744767060529,29.988998268721033,Not Normal
54954.623728165956,26.250889301451043,43.46456331596109,39.663597070088684,Not Normal
18175.903986683483,30.110399850910163,32.16331151950207,18.66109848087641,Not Normal
12969.21796501727,25.924143850078508,69.84098142315466,43.80034566559174,Not Normal
31919.901815265966,25.404223152809013,77.81847488956572,28.51807335368355,Not Normal
59210.77497608304,23.558341346455528,27.044623496647333,29.340003314811007,Not Normal
18313.039933132524,27.581499186729236,36.79118789291613,40.71272785172849,Not Normal
41967.45510732332,9.758153158792211,29.938039283269575,56.495434180790966,Not Normal
46889.078843079464,31.426122775967855,44.35589881075167,8.52034906347415,Not Normal
18070.064919581982,31.15530583235696,51.52456852337889,50.36087805408542,Not Normal
45051.89917365228,5.877418491036774,72.41784358743146,21.08107107267062,Not Normal
25228.072299558928,29.77450251694288,65.5803309417172,29.41556999785078,Not Normal
39776.820682646874,8.866096024203356,63.46499972349018,6.205233082625492,Not Normal
39844.134091849206,15.053565627774256,44.66624626267581,21.557534280887218,Not Normal
34467.60762411171,27.30524768874823,78.9013287159332,32.64471834465718,Not Normal
9965.937352992456,9.822796881449246,52.99010171787152,8.089684254109146,Not Normal
50941.63725740809,29.539010723571867,88.53734566106081,32.01026511607408,Not Normal
22642.90357344547,29.964025338732256,64.38994968070158,55.9910845872135,Not Normal
15258.518071991983,20.224032012825084,28.83853190951519,10.796626995929287,Not Normal
7242.632785512015,5.191576151505007,67.33242934528039,47.04424004415274,Not Normal
37499.1118753533,13.611143995247383,42.75728108021893,27.531907935679595,Not Normal
42266.03990132553,23.507807551272265,68.04290376802682,41.03455429883859,Not Normal
5912.330591032089,34.435585340822705,24.874880371368402,19.313012889187615,Not Normal
33165.11820646045,23.954405810500052,32.24170060231716,13.772074439774705,Not Normal
17457.267635886587,12.794107431924793,79.90160812340504,13.825443784917454,Not Normal
40484.50347251974,24.020171092988342,35.90256899164604,8.877057010372955,Not Normal
14590.153595274529,21.199561391475665,78.5928787670058,15.210568769568367,Not Normal
43001.57559563563,28.395361854534308,39.54932619180873,41.53206617439326,Not Normal
26270.444046529556,8.209419164808752,65.00173370410954,53.49298365139294,Not Normal
56520.1493805204,27.830837075060842,68.59054014568818,49.7769127075139,Not Normal
12563.651928029629,21.23799736028331,55.88583272015371,42.682387043096625,Not Normal
23758.64930776422,33.88976011576984,41.37174736877119,11.073752487610648,Not Normal
11241.0436682324,15.256164981160582,34.88510634597673,20.90530954627724,Not Normal
55858.149005320956,23.978656794018445,22.323254819369836,22.039378142735792,Not Normal
53253.66443595396,32.960843165300524,41.27624808685067,18.747632051869168,Not Normal
19186.78952433356,8.075291839720379,65.72139533718982,33.32531128403477,Not Normal
41299.122531879846,33.11685461709354,85.68133729139379,34.455459818381996,Not Normal
49947.22101106687,25.636571669024402,80.98431375841363,24.62872863441106,Not Normal
35536.04463797043,7.035111773155157,73.62453435747119,24.45840373050398,Not Normal
34130.78180958035,14.028907008404488,75.19131402773091,50.57055788483447,Not Normal
18301.87599952484,26.24516265935845,66.54894324331967,48.41110665758271,Not Normal
10120.652229324456,7.0205180440631505,38.220080029620206,21.92877074244101,Not Normal
54346.86668743297,22.465113805288198,83.50365214940808,55.25836441302926,Not Normal
54522.99314398318,15.376491708588702,66.95126183340838,57.40482593513783,Not Normal
39820.58015002974,23.627465533024314,59.230844168630796,22.970839811652244,Normal
23646.638507678537,6.372261014375385,27.769262844943675,24.493372183618018,Not Normal
24206.526603696348,31.14610418457129,51.29388806644978,32.80987843820773,Not Normal
44927.562337863164,34.2046690753219,52.22507898413484,56.761644689352046,Not Normal
54341.06429739174,34.06633565857074,80.5194526665869,53.19756882282714,Not Normal
53789.75333458145,27.48955495228774,58.26537541314519,10.641237942097439,Not Normal
47893.15502216931,8.902587203918959,46.62803842792867,26.600190879927894,Not Normal
40311.74053848583,27.74789587787068,88.37602299574615,35.43541543623745,Not Normal
9627.698074727687,5.737607493764045,27.750441532842096,32.6722859903347,Not Normal
13889.579275203758,5.663706545869918,49.578389981836125,15.662468736529098,Not Normal
54420.48036898936,14.708306574486237,22.94172726199837,52.23492241424851,Not Normal
38353.598281277445,19.659295712139972,71.79328845368512,42.231743064826055,Not Normal
5505.837838914631,28.112222534233798,84.26535865394054,51.084960616849195,Not Normal
10580.934857631766,25.498861298195155,39.60261306853426,52.23203536422097,Not Normal
41492.59730094307,18.37708119130245,80.08391737593846,46.15957195161569,Not Normal
5278.387111542028,13.208799988449977,40.45527613233284,29.156583068734452,Not Normal
13844.442827962426,34.913735004731336,83.75391131507406,38.58007152584835,Not Normal
35180.358415162234,17.78543906707919,72.77733325177488,13.820097336585873,Not Normal
43054.23587309813,18.541610729890266,76.34347437890071,42.05049796111992,Not Normal
40857.86927264303,9.908714635750076,21.260458892031814,14.85892906566044,Not Normal
17334.812020330788,28.84428646249788,87.39672499518181,43.16722747805863,Not Normal
44169.85717411447,25.81046677344466,70.86696944492263,17.627898841468276,Not Normal
18048.699812324005,11.623088383662811,41.33257667702934,11.465321508262099,Not Normal
22896.983398759727,7.471431368475281,78.05762654011929,14.090646957862658,Not Normal
46057.027281491326,25.414979062241393,39.706483889045096,5.109567437048865,Not Normal
40729.80944759681,24.63533642843406,81.09276876962895,44.53067898194416,Not Normal
51707.287577179784,13.19778580994628,27.88062732883559,45.28205769821085,Not Normal
41168.709076518884,33.52590686751231,69.2580184222557,33.32133424522927,Not Normal
36256.973183450944,9.531736753427007,57.848893365143724,13.874954058046104,Not Normal
10152.112230545086,17.970044031278057,26.757412913680856,9.595488563087937,Not Normal
25224.369168268844,33.30847760502797,36.932567978118726,6.052093154050786,Not Normal
19586.1302224949,17.59181950778367,20.868282539412036,14.11614973308714,Not Normal
18419.4303858496,24.155778429922567,52.81375758251541,53.99705442407307,Not Normal
58515.580511384505,16.927831938883827,41.08856825320002,18.2845262935925,Not Normal
26620.374856671824,13.2264560704601,61.885023900843116,24.48492299694686,Not Normal
54062.56053474123,34.51932943879485,40.80664653960321,10.794001646473326,Not Normal
39712.62442984946,17.280020189451292,40.994337805488925,17.229871761149365,Not Normal
48714.621694790665,31.822976110374032,72.02352391121224,33.557351392911286,Not Normal
32645.040120785565,11.898638176732586,23.369998518484742,38.42639757026089,Not Normal
36729.71365444975,11.3931411207525,83.2026496634391,18.49437727914161,Not Normal
32088.473160037516,5.934022486535341,79.6584712073827,8.175268757381446,Not Normal
15738.364328892447,24.55000476127655,66.74632782584845,26.506807802006925,Normal
44734.866339382796,16.055790311712833,61.5255099075169,17.881185400948375,Not Normal
20442.47993424707,30.930747495189113,82.46117486977565,17.075465777639106,Not Normal
6337.378153729961,19.196297200746713,32.97311256701001,57.79245414924004,Not Normal
40500.97627489423,34.045802837441656,25.527841353358003,38.896526725914825,Not Normal
14741.087367387692,10.565765471093634,36.76571189366767,35.628314374465276,Not Normal
56725.22213941029,31.058695038668322,75.62047950901332,27.867630693782704,Not Normal
57466.07173514231,28.297905583752254,22.426918670853834,28.591938338657936,Not Normal
55317.54146212467,28.12765533932156,60.79647845584427,34.749775211094445,Not Normal
25358.728514049442,30.343496843506628,89.6806261333917,43.3036393869859,Not Normal
5850.113909087709,27.830719728289967,79.89872656862775,43.61803529000062,Not Normal
56057.520942324896,23.786609648942463,56.50119823305126,14.443164923799726,Not Normal
28550.128157452287,8.937346330471627,24.454863650064965,32.50620136421448,Not Normal
58166.01504740182,5.9757853847375575,78.1961460069997,27.657695226875607,Not Normal
57999.098739908906,32.6254354344706,61.928495572404735,52.87898314481613,Not Normal
51915.52005070481,23.49950943562214,28.04530979416968,39.7280406670107,Not Normal
21194.689063827213,28.89611872928529,26.570009937634936,34.287723652878995,Not Normal
26180.37507310589,19.4456705453765,83.67387736056148,11.346705319840456,Not Normal
51812.51693342713,8.519245668871834,66.8440184056655,38.31008391278763,Not Normal
22430.710283595272,8.755573766076512,78.05007595217289,11.446214812412839,Not Normal
14322.101067735086,25.56695861686914,81.52852301975872,23.546361656116364,Not Normal
35624.069435209254,17.909176846983883,60.02406464338256,12.856308064788251,Not Normal
56488.51257884295,11.015741801010101,56.221244622852886,43.06405058634029,Not Normal
43281.638817123516,19.747836402243106,50.12991872246931,16.343866260988392,Not Normal
36353.36435491507,6.926268112254022,42.18626114537835,26.55226552534143,Not Normal
10344.70715739227,22.459142057431965,50.42171726010982,54.262112769032825,Not Normal
38825.397468454335,13.06980213305293,74.17157590111094,16.237401086943365,Not Normal
59452.96175573448,28.926773019115643,62.13464017105921,32.929278517732854,Not Normal
12704.620838008821,14.310858767707213,82.47663029683923,28.05994136413121,Not Normal
33508.13088000552,18.656604472454035,51.03660100654314,5.996822257515135,Not Normal
53255.51895603755,5.348616197243019,62.49627051031278,48.6016962465047,Not Normal
45742.27397648124,7.173406633836766,64.19152871643921,8.797524847302984,Not Normal
43335.86575473974,16.774806692200542,61.41880136144279,31.08402615373245,Normal
43636.62461929101,19.398165041513707,69.18436411598614,35.83730622164225,Normal
24772.013317086534,23.000616443579112,36.620342786236435,39.56345511380229,Not Normal
21147.551434547135,13.749877361279097,55.86546442820534,42.87473961193316,Not Normal
49514.863551318245,25.849456583796275,27.295736196584336,18.92998109374933,Not Normal
49556.23670735494,30.803671915676137,46.91579293513688,5.548832716214715,Not Normal
52688.977521905705,28.395529666800496,54.13669480348851,44.78940142952016,Not Normal
55228.230390605924,6.188564760450714,65.65569816818308,34.46111296411682,Not Normal
33123.831937351584,19.415208417734867,86.53717368103425,50.98647367639868,Not Normal
32583.396207795977,8.147905352545246,62.04557465838491,50.17635995953818,Not Normal
48906.234843172635,12.261350475875824,72.05157413235918,51.382939228333576,Not Normal
40748.01619277708,34.59987779801439,55.43862416466419,31.680206298874708,Not Normal
43608.17824917368,9.274866287045397,64.3872821963432,23.34956177102761,Not Normal
48768.596818985556,19.966644603540683,24.965255129364138,48.53570114252535,Not Normal
53950.293799966144,23.544672029543573,37.807410658929285,29.82117621660902,Not Normal
23589.73362683447,26.073949116323117,45.32971652435971,15.089320802188897,Not Normal
25657.06239519692,21.789460504607423,53.07453485045595,52.02357107588109,Not Normal
10169.006691247796,5.2931254225755096,23.195412185166862,53.5407932224791,Not Normal
36805.40775478957,14.793839247319756,29.801686828732237,30.647036587709355,Not Normal
6976.825058820815,20.531349301541344,39.37700154539141,9.16348500203831,Not Normal
30607.890997285307,7.635994974345,88.00728836307354,26.330434945431218,Not Normal
34845.45490891671,15.518807936275422,43.19429049721356,49.194571270443184,Not Normal
20759.76886705564,5.996093263740997,53.742874067845776,54.597571570042575,Not Normal
37495.829331295594,7.357354914650623,33.726839891687504,16.19100083736777,Not Normal
6677.513746647719,16.907698286047882,62.75460497530378,8.683548661389935,Not Normal
7054.150381206793,8.981472621291811,39.6478250861182,53.254274922306124,Not Normal
50243.03083628121,22.026225447846745,34.48948049068987,26.41727164383814,Not Normal
24810.48527761946,25.683949074117972,56.160083991218535,34.79685303471598,Not Normal
11988.328195853663,29.017600973272486,20.385405941229457,58.243619662791744,Not Normal
33723.37930301424,11.004507327344303,20.53648228544577,8.661060035282258,Not Normal
47349.6454204236,10.024477467772092,35.33481663713005,40.657490409865254,Not Normal
16870.156512326375,8.137035210032007,22.57049537505748,9.07579824161769,Not Normal
39258.97617004501,24.0929074863091,27.561802789148395,25.650791065657522,Not Normal
9694.11057465724,26.194271794607033,43.72024545371261,49.20979998563957,Not Normal
7842.494664273423,5.947584344769261,76.1809975705869,28.840972801559893,Not Normal
34224.50473624814,33.086367387310695,60.04340503585106,59.845029464662275,Not Normal
34734.93168855586,6.559138509544172,55.88674081694915,35.74826067206312,Not Normal
40058.64458240136,21.238890059032116,40.54421762456852,22.663918394977443,Not Normal
44935.02335474639,26.27181558352749,85.22276036029714,17.106122924761422,Not Normal
58671.864370439405,31.129073712382567,47.79105288660342,24.2786293857389,Not Normal
33396.519156565744,26.422607963972833,26.096493675704004,25.489330056775295,Not Normal
22762.606011768527,29.051842492093755,63.19465612824609,8.779252274817853,Not Normal
48735.240712278704,15.183505776284182,27.968687543362098,25.326580968472523,Not Normal
19895.773819414084,29.444753412395368,44.165619996118444,30.53311858565737,Not Normal
29143.428138809984,7.403445391540254,55.51883571024662,44.75057637313426,Not Normal
9315.100973824628,31.84449968181583,81.1955767279623,41.12012165968844,Not Normal
6394.290887850163,21.42777128461209,54.548260623808304,43.98211103760348,Not Normal
57945.66280728588,29.51893309887481,69.15811362221649,5.46000250322714,Not Normal
50978.906628171324,18.569548535549004,89.49717872993493,16.971706976929482,Not Normal
43278.58133515339,24.30733085589575,29.204238392858713,41.392635861992105,Not Normal
27492.41194278484,20.792079828083395,39.231206786366364,31.619415249886092,Not Normal
14531.187603896518,26.947685652659956,47.62032529183524,5.292241161759027,Not Normal
13604.037346909732,7.448899460917687,49.527972497718196,49.24720533375023,Not Normal
18763.359399052744,6.810562519716914,48.771475268588205,47.504526530968555,Not Normal
35207.466558836626,12.413097020304393,83.53277017895884,35.16305396464595,Not Normal
44302.77574850343,9.78634040339565,69.98228511267996,8.655482917694966,Not Normal
41310.85571947522,31.15350699776605,62.553364986349266,47.15832772429216,Not Normal
20396.364332026857,11.57641962074133,41.65609025039475,37.10424732522502,Not Normal
57517.59043647567,34.27595767457394,77.66532689549064,48.00779874368776,Not Normal
45584.330418267265,15.106873753133206,86.85423580394922,46.34608458177122,Not Normal
35489.47288812704,10.463537470660977,77.48387977851586,49.165113957681044,Not Normal
38644.64104288937,28.690955214274375,20.109557363403102,33.49044365225437,Not Normal
28078.003433528444,24.761233265026284,64.54809591283849,12.717848500643324,Not Normal
18625.20442256366,19.94587149359417,23.57947670094705,41.913661035882875,Not Normal
24578.497325819386,21.660906528128937,38.03250542336053,39.12605817785838,Not Normal
46681.5360755403,26.576053348167914,24.16672902434402,45.82392529594979,Not Normal
5791.6418746365725,11.853642239938962,62.265681706457144,14.343455332790441,Not Normal
11383.995227880394,34.89001748170226,68.06129394448247,15.723635994515908,Not Normal
7530.145311196401,34.2437948644035,28.01413466461336,53.97252344706307,Not Normal
7240.084127543358,24.509770590408106,46.86872181314857,46.24877891486389,Not Normal
52050.332120605395,10.986273527874353,51.93655562688794,54.95256687851776,Not Normal
43701.182265901305,25.40684727293874,45.83371152326416,46.72934266401564,Not Normal
31079.560599802884,7.165952269375275,28.471750033963513,37.8435418294666,Not Normal
10380.87883580508,5.919575066174182,49.326345313123284,40.97730053653305,Not Normal
32038.87313142578,12.73048665533641,72.58246334658926,53.90203581670055,Not Normal
31040.947392931113,18.87868870217949,24.970536517327883,36.83437149815673,Not Normal
14526.102845050835,31.048175162251415,25.61260098573324,39.781522838061306,Not Normal
28861.840708088515,26.81507209298924,44.833990428518895,13.606219380198032,Not Normal
26917.76039185554,27.28119563599943,85.92079981332475,31.06566710638565,Not Normal
38871.755392871906,17.76480003344226,66.80008527060399,44.40184115769544,Not Normal
39930.15079772041,15.378049776408888,67.50689696707954,19.9018484074001,Not Normal
7491.720537462448,16.131162889538082,45.33439935865054,16.123979928849423,Not Normal
25603.693804455917,34.62948691208173,61.55625538459769,22.260474452342855,Not Normal
39422.295364283,6.203275742374474,20.709182881942038,18.28253453960584,Not Normal
32672.494221904824,31.010944883673456,64.52672324866796,16.820195037001774,Not Normal
52106.941265357724,22.3602622571718,83.93008633033656,28.366796357744782,Not Normal
41228.149739041975,18.158462575687714,62.88014278413734,54.93111826359438,Not Normal
13961.393489478633,26.757729812454095,81.15890154264414,32.888280570629504,Not Normal
8881.281107023642,19.600068242741088,70.67811388262658,15.335620944842766,Not Normal
40333.06030134736,31.202697142449818,28.43908914825832,9.233441815948074,Not Normal
6458.1220797892,32.02105592033776,83.17173151000893,43.28858798258589,Not Normal
37217.65697004048,17.651627806203663,24.65106910490424,26.053932044001332,Not Normal
56712.66327837267,13.304833917051548,57.377723078343465,50.20070206219476,Not Normal
36651.07978317334,22.770509857800867,29.949598665542037,41.27309227524236,Not Normal
26349.345941358704,32.37090036850073,20.819462751163286,48.79327977977527,Not Normal
40380.85201432942,11.319865670169998,49.54239820893473,19.95703216801468,Not Normal
30203.908977033414,23.688997506904485,40.652849535790935,43.0797407353582,Not Normal
35008.92341237642,23.946806602775617,54.02003456583221,19.523409158154532,Not Normal
56780.56448270888,26.99339067245843,60.40399207141856,56.64876636976604,Not Normal
26235.645079042584,8.947030553817793,23.061735061626315,40.00058548433559,Not Normal
57865.481010315285,26.474748940462657,28.610230658662196,22.848149009643816,Not Normal
54794.28530758351,32.270975619969235,59.10496775152978,19.823152426074998,Not Normal
15768.512413411305,10.39049326610726,44.021714722086074,15.500962178940393,Not Normal
8814.8715481341,12.12629974771633,71.04214412846136,43.20525273915503,Not Normal
10542.790075758465,34.14185282124919,65.66041540143578,17.029358714886,Not Normal
6002.200410835235,10.429308581284694,79.19230540929348,37.7416796260119,Not Normal
10194.362841576061,30.631552801087373,68.47449786684578,19.554926480894654,Not Normal
42565.372537899624,19.768335693441045,50.09517541731037,41.40829196366277,Not Normal
8915.375665312595,12.416932232095311,67.10766356761027,49.821685069729654,Not Normal
22543.659666156873,31.122497038175343,39.276682197879296,47.79138837295592,Not Normal
51468.14210332,18.359157650079965,41.44194491447489,46.846823201193,Not Normal
6279.956465470423,20.444520617890706,75.22896119445554,15.324732313073865,Not Normal
49795.766542391466,15.777001081992971,51.24936614811075,9.861172084148528,Not Normal
20502.012612536997,22.78852554304782,75.88662383628468,43.44218556680621,Not Normal
11499.065519191094,9.905716177550683,77.56956615677949,25.25909675868932,Not Normal
43320.54409502829,16.73244609955282,80.02936363628987,28.7790424521841,Not Normal
39591.85657289362,34.082369670058625,84.16446650888452,6.713200103636509,Not Normal
53260.96074398791,12.744002981033827,50.16896543593074,19.276704710127706,Not Normal
45428.907409213716,24.702099936238767,42.32067728247972,6.852202213095522,Not Normal
49191.45117116667,14.755701926740846,60.75391226158797,53.35521749306862,Not Normal
20511.901491421857,28.20419377059802,45.98206964063393,18.386817577019176,Not Normal
14759.174907884755,8.926209821550495,62.07519167601631,35.653544326515444,Not Normal
46283.81134024721,34.094631352356345,69.39101038506772,7.143862636362172,Not Normal
49375.91065969952,18.61368624150918,68.18835129444957,41.676606521811195,Not Normal
59477.78281003703,12.081513900393919,46.218702091408495,22.766504016475164,Not Normal
27693.972230128456,7.20490241990038,31.680214118912698,54.38555528267162,Not Normal
25460.994718603073,10.092737152626222,50.13705369235453,53.84650039137197,Not Normal
47702.71284080983,20.593218456680532,29.98159008573361,22.890984009896126,Not Normal
23744.194713915982,15.110095292938588,82.30679246286658,54.552849262975734,Not Normal
56191.65290819606,29.866500976478285,44.21142225165002,59.788672042432836,Not Normal
52212.70135136565,17.92662570985418,30.812182305632664,50.397861526817145,Not Normal
28594.67150562601,12.461428177628896,21.781343193402563,51.467924126537596,Not Normal
46297.908728532355,23.5143495981209,65.2075670400539,18.695480485999944,Not Normal
46499.85807465753,26.203316506563375,64.58316222183203,36.718631937176596,Not Normal
10671.812785976294,10.011257237028495,43.84229166069042,8.699075268205231,Not Normal
54640.40986737617,10.02857648864953,25.01983221933557,10.220486525191834,Not Normal
32788.88048463214,6.100142808006289,48.674022642666245,59.93909366183098,Not Normal
50455.160635925786,27.092060451969214,41.78522465443755,22.9651587184251,Not Normal
22602.728056683645,24.914135828654153,67.39844478145065,46.150115162686554,Not Normal
54253.77756729103,19.238926272494417,62.404547461688324,49.3665779164749,Not Normal
26406.09233037897,30.325113469075912,45.5215609738278,52.19127990539761,Not Normal
5596.070831416409,29.170104588501594,35.25247879784931,59.86955635711861,Not Normal
54796.0087030595,22.560630931902566,89.16251763089143,18.28230668912773,Not Normal
10020.767223237346,31.04813841539776,51.780113483728044,7.219295477283484,Not Normal
22562.250067472818,11.175236301103048,68.17919650461658,27.61553348970223,Not Normal
57253.40818779427,8.357588581931836,29.838707730485254,12.154436840592082,Not Normal
57283.393081565584,13.092488345509688,53.991278976157844,6.233423903913032,Not Normal
36539.08384678073,6.712605682679445,21.927570390862584,24.823475492781736,Not Normal
39751.04666933896,20.93508584003096,55.381858253731494,48.105603809138,Not Normal
29664.503708807588,33.098170768848846,87.48121849823916,36.139938017378896,Not Normal
21126.59244339355,6.180306220055289,46.89446990900602,22.202789406569472,Not Normal
23076.549995345376,8.663297420300804,22.72972088024381,40.98881030209959,Not Normal
41988.515084237115,18.565970848503056,22.166905364354047,17.760999916984588,Not Normal
46380.5991190724,33.01625052583715,47.159073196280865,5.790979533964676,Not Normal
48536.84740492167,14.484683149302516,31.20174555242358,47.039436254003505,Not Normal
48428.997853700464,20.217044260651775,21.634646742973015,39.3058696675205,Not Normal
10016.33566767797,6.247185771511763,72.93495297651238,46.9266443475528,Not Normal
32193.11675864198,9.450296028862667,52.096610621732346,7.141590917821609,Not Normal
8165.731800915435,34.598903688765404,40.24713403808582,51.04157953068587,Not Normal
35224.088527805456,33.95356089308137,83.00582281115365,39.07394100199668,Not Normal
29284.177575535738,5.148199428032289,28.12972721403679,35.98674428919521,Not Normal
53823.73005170649,33.55435356269717,86.91431802687235,39.353772646299234,Not Normal
24300.325690364327,24.17359813446501,41.977670216414694,52.543828577760024,Not Normal
11438.685903518322,31.037548835600663,82.18825706160769,37.281507860739886,Not Normal
12864.542512905973,18.642195669015774,62.20600135356231,36.952270893849864,Normal
46883.084744460975,20.46788085737751,77.86951518190412,59.48735363861712,Not Normal
39001.993482394355,19.665397407707605,88.8809214247325,46.62015918877124,Not Normal
10561.747186753462,25.00592772638313,40.1883806473122,29.326159299812442,Not Normal
9625.874336324858,9.189537642689388,87.2794839785315,43.906835001811025,Not Normal
43553.3022302516,5.899207696180339,47.263732643169426,26.407675943048368,Not Normal
9001.965350030645,14.237898247735728,46.98583333158456,17.588150436592443,Not Normal
50202.303260969595,26.1404228820994,43.8270972978154,37.82685322882677,Not Normal
43843.322493607295,11.05560356368845,57.89853251433097,56.050015396267334,Not Normal
9474.182935304487,25.20297299974752,30.790153022494096,56.10267360085045,Not Normal
9666.074274685556,34.097361383218114,58.759803975060784,23.80479029580197,Not Normal
59265.17681756465,7.817021473682551,57.91933686870028,34.022260642193224,Not Normal
25584.893766586618,25.178063546753787,73.3331268823409,16.639974421342366,Not Normal
25385.318088679,18.312506579137136,78.35549733563099,59.75971102243859,Not Normal
49703.976199162644,31.044267631325162,50.83089452186968,58.96148493273647,Not Normal
57098.67175611223,10.314493683421578,41.16332745460456,40.7229911339096,Not Normal
59230.0585102579,25.778778566784936,38.153442812196616,49.242773282261034,Not Normal
46435.80018924179,30.143458689443307,33.623668569341035,44.3305088706035,Not Normal
25694.277204200367,33.3384265842207,24.035330753931742,37.62370204717075,Not Normal
9592.539418426783,25.497440848689376,43.97135851842994,7.934139834389374,Not Normal
47743.08037600902,19.91524292025282,38.917338449154826,30.012038840396357,Not Normal
35712.23373546928,23.535417206036414,87.64921701064851,42.11324661920758,Not Normal
28332.210508583696,31.067149534361548,59.03961783750307,42.264238763602656,Not Normal
54849.491180210476,22.11829239916489,44.30939273213553,25.521744013231096,Not Normal
11115.861526838324,5.911611790905106,60.63273206955872,56.79305926619168,Not Normal
32094.380735997252,32.92846086520933,29.743769094198683,14.204636773022955,Not Normal
5624.4504622080485,25.685802530946834,51.08306244415421,32.51976954185584,Not Normal
30776.335309676946,25.295401573317395,63.83640249947447,42.998618710295254,Not Normal
8096.680162501054,11.470254571931516,54.222848225471594,43.34246932404951,Not Normal
11534.985394743955,24.766564106979715,48.12451604580269,40.67514262228485,Not Normal
11463.943572740769,16.815932169624755,89.56938722297888,20.14085173985231,Not Normal
40706.5666163835,24.536989311244763,81.62203335042489,13.591361277764209,Not Normal
46032.46835959828,8.197790909239721,63.63841707116081,39.9767179754691,Not Normal
37085.28208034378,24.73535913809108,59.85641528275979,37.961616387669075,Normal
57919.49016609981,34.98241177311999,63.44623358772088,14.864580565908254,Not Normal
25617.881873803723,6.446361165816681,34.091847547570325,43.78265300638098,Not Normal
20714.16474550234,34.31522552663952,47.659642028502304,30.0344595453511,Not Normal
52772.95205042032,17.20723882168612,22.762167302362954,41.72683253817341,Not Normal
17297.771118569894,31.122603510117774,53.28822262407787,51.05518938735829,Not Normal
57977.23966923362,28.471564521748203,58.011720877036424,14.335063571730775,Not Normal
5668.496107939899,22.010487829600034,35.94248152722467,6.052967739826017,Not Normal
58343.335468920144,27.153476277539795,87.48201930158596,47.85064225176827,Not Normal
7373.795157281686,31.355466839040435,83.66182276560694,38.533358383393875,Not Normal
54012.87125339391,17.12420964953099,70.55002648191342,43.4801763292167,Not Normal
34023.56099974649,14.810994846897161,57.33706401357538,51.09852362437534,Not Normal
59613.06378656152,25.02780156690754,80.89784117533794,49.15460141534753,Not Normal
9058.811060446937,29.23537825823776,29.145664067642404,57.850608081085355,Not Normal
35461.98564207264,27.868554043298474,75.33568559924194,34.4764293368665,Not Normal
58311.63945905044,28.934409465759035,28.73745697767938,31.867259796294796,Not Normal
33770.38142935818,18.06749944438799,75.59474637845838,27.103795993990154,Not Normal
39616.92509743944,29.535026485250647,39.30372977759499,13.45300735643125,Not Normal
43266.177894153945,8.606271661118253,81.39634067127322,36.49339780851123,Not Normal
29999.75856222753,21.334672938825488,86.08294656777785,20.235688837928834,Not Normal
39515.694404623486,5.172759814943647,30.415717858358093,55.67191317171365,Not Normal
37137.287155770515,14.737574897008109,52.387292354577546,37.07549423524036,Not Normal
54563.690577004396,15.993846046141936,88.66911647138795,37.60620992794606,Not Normal
7499.550918780183,16.885180748277662,53.83852051812026,24.52085634823555,Not Normal
20452.975427572666,25.864016200695865,80.44832657601816,7.859414358773912,Not Normal
57272.63162421073,16.65674303811037,61.21120654919239,6.745907095514374,Not Normal
53964.5081140004,18.460808678675917,46.27309355437213,28.283432928425864,Not Normal
30061.121403214212,12.126323926229823,40.00484888681092,9.651095795348082,Not Normal
39107.29287908452,16.197553748880203,34.22561637602611,38.37658255470765,Not Normal
20255.9650639623,11.818088817894544,73.32587339643881,53.45351531018116,Not Normal
15346.663784806871,7.195877713053309,47.05783547761195,53.56031490852972,Not Normal
30503.412271699017,23.103457801441337,55.78928235405258,41.24749755727278,Not Normal
24434.372541432906,25.046383956650487,54.46278360008274,16.617750731011206,Not Normal
37101.086151797965,23.584710380288435,60.409532046319185,52.46482572473796,Not Normal
9275.405033074167,18.90482131401717,80.59040019371866,53.73513894222645,Not Normal
58591.71442163915,16.393573405376895,88.65175405084005,15.815947172412729,Not Normal
59241.59094637816,30.900009487154758,48.53089460016719,45.55843471738725,Not Normal
43398.894271085985,20.572453554086543,77.92632454744121,20.758575190991763,Not Normal
34485.30014892662,19.37545632889193,73.51694562583023,49.145217179411134,Not Normal
22024.018895748028,5.76926197419307,60.147026601890126,59.84808449469815,Not Normal
49758.726083882175,15.237434828784691,86.92330005283532,6.651430293116604,Not Normal
42660.21449046336,16.405868563575712,34.0332160869882,54.355122618501255,Not Normal
13943.93166396902,16.964683426907015,27.6484947216735,39.244679347926194,Not Normal
55100.99514716134,22.40517107681997,79.77733768687955,58.536044054065165,Not Normal
50239.54836077429,21.008076401806353,50.74048716436238,30.57552346395352,Not Normal
57238.99523105582,23.23715278380334,79.28781979449423,51.606336181425554,Not Normal
44914.5729613598,27.94649784626385,82.51631436367904,8.431673772905247,Not Normal
38737.83577646844,29.389572161482803,24.372031553335,23.440347754306266,Not Normal
28003.366995984037,26.543692286794833,81.84253340902424,8.685909576316549,Not Normal
56300.06658447073,33.66571087864804,51.38233387585955,58.64387234134888,Not Normal
52633.51392252246,5.546977480290849,55.73027423029625,49.93356489995102,Not Normal
7487.026855840417,10.873339570506383,63.86147577652471,51.89010816852838,Not Normal
6450.1835973488605,5.226886249344264,84.84678247110607,56.58808772886418,Not Normal
25705.48517829273,24.42424142463809,21.33812661008348,9.680691736588194,Not Normal
49580.43319300081,31.94091646849961,53.3790427822472,26.207867588233334,Not Normal
59300.187112321946,12.304468897288977,68.14054297013925,8.906918897420116,Not Normal
13272.92901069405,32.8110363438892,70.589487038876,16.593620585251575,Not Normal
37677.189344367434,6.808021708686826,68.47727020759756,17.61511773707198,Not Normal
25948.997114706184,33.03308080416543,29.41045905856853,30.800896607616828,Not Normal
58345.291879803175,15.548680617189031,40.95769118601768,19.770919209950343,Not Normal
51316.54077246398,8.042624853476497,45.110086779190944,10.55379587497686,Not Normal
51108.078759112585,19.57615277558977,76.31060453756535,14.212009900175923,Not Normal
30778.123788723366,12.70329703161524,39.51319106901871,13.100155995365,Not Normal
27815.072628571586,13.546187058857685,34.74934747070422,58.51922388517641,Not Normal
20037.388956188843,14.218698947788598,87.02136133266673,46.76108788051605,Not Normal
8100.652315800991,29.090776934979903,20.62042995794282,58.22688058982591,Not Normal
52559.73069402793,21.174838300257633,89.84745989773847,29.18572675793497,Not Normal
49709.55550215427,14.33923097468011,67.37749092001769,20.310266491446114,Not Normal
59984.47203073718,23.31001349932755,77.9928509614382,48.90612584650527,Not Normal
59815.026039064796,26.484520226695807,40.62335774423352,22.94396549226307,Not Normal
35548.743808144514,13.178720022006013,21.0020694366942,21.466085553794155,Not Normal
47294.30783492808,17.406473045760546,71.6508662993071,17.787829571430716,Not Normal
56962.11514353354,8.656582800108428,78.3901217900473,12.132343802332944,Not Normal
51730.60648725763,10.43448048604041,71.83332923674634,19.105468355922127,Not Normal
18604.14559587587,25.433535618949485,29.9995201110587,24.542586166063824,Not Normal
29779.927442055145,10.443150430868808,72.73995455798783,42.069681448015174,Not Normal
12103.767833332224,20.754901510011805,73.82459474753486,8.441066322069837,Not Normal
57472.80649922973,26.27138785167298,66.09783609690385,16.577881681593862,Not Normal
38339.6048947984,8.206307692842316,73.62811529569103,49.4963002160422,Not Normal
17575.35430269045,22.019366588867108,79.21450077744126,13.080705797107392,Not Normal
41943.53764232212,12.696883511040912,62.95228799662209,23.845483058738683,Not Normal
38997.05322518427,33.887806257127394,26.202329977877532,52.556240702197705,Not Normal
24698.949491806226,19.50636940159774,54.13394667670476,13.520892112889346,Not Normal
11245.667570979596,29.179776493254742,25.435453427012355,9.550525959000444,Not Normal
41936.52575760398,21.506796264687853,48.52801217227016,31.649589729400596,Not Normal
33616.923549708634,6.302375985644575,48.497454238793935,21.6330731203195,Not Normal
47477.51154546016,23.994541267820672,24.62068908981691,35.98746004661197,Not Normal
33608.99256115964,33.54210026619971,44.41743737786355,49.20926897659113,Not Normal
51869.982517519704,23.048354604389935,27.769866915392036,12.543166848400874,Not Normal
35354.876132596706,29.575665782803707,76.57646470064554,36.93844965048567,Not Normal
35851.58843444625,31.526193900452235,86.33816181751295,32.802981821442515,Not Normal
53215.948146208975,11.842393158467974,25.062153268055702,12.924333230725976,Not Normal
27191.557641681837,11.361345197246798,86.8580645104191,39.319916704094034,Not Normal
12370.83756478524,23.32942966552975,56.58036195357216,20.05022298234244,Normal
6583.047197233644,17.330854094201143,40.96959745677117,31.830887519920687,Not Normal
46532.549062049045,30.19583908600161,25.380345269331446,9.524977835238403,Not Normal
39117.025324440554,32.000693701940335,55.043698764929246,30.27712314674927,Not Normal
43724.3872454573,15.602641379081543,75.61608811435241,21.85549074235512,Not Normal
16713.02888299009,12.106116769234461,69.49605340866887,50.23096661519449,Not Normal
12500.431157272338,28.415765457315853,23.515820802478164,8.133829984855256,Not Normal
5799.956611733506,13.244181066444083,25.103128475753245,28.023400120508146,Not Normal
24282.315734362834,29.67842955541035,48.201129784284596,30.21372832722909,Not Normal
37445.47277700482,17.712147609462885,40.67033458335603,44.87533419645153,Not Normal
26573.42248048528,25.026496978744113,36.26690261392335,36.585816629961606,Not Normal
29061.1207113051,7.866059415040045,39.67031492360995,41.69667854567996,Not Normal
54728.72819715616,23.71577974029719,76.24379203078192,47.737710710846585,Not Normal
24154.05068628152,18.55303036211687,85.04596375422977,52.42116355120038,Not Normal
33269.4219037896,22.59825389526422,48.35718861692965,22.263152319735877,Not Normal
48100.91570076287,10.040426232345903,83.42777014927479,34.591248795014664,Not Normal
26809.85302766986,27.106212348325464,42.50469908735174,51.20594431415599,Not Normal
39214.76851253304,30.883912326296855,53.350589044065416,59.4198122030781,Not Normal
52430.003981070986,11.50219400272327,35.82202984711998,53.92356210740697,Not Normal
57223.634301170314,7.871436665604852,64.83332295230908,25.430699444340725,Not Normal
13089.041451097088,5.709157581390092,88.52867806223662,15.734158447025774,Not Normal
55962.31938388219,24.25914501329798,62.244516723036504,31.91658955736238,Not Normal
32066.3961193746,23.212821082663424,45.04698588794842,45.79027985098232,Not Normal
19203.44135644271,21.4009223814221,65.34722121933699,32.091298891431364,Normal
30252.46659310437,11.958412883479262,28.60444749257713,31.574947482251766,Not Normal
58901.79164070124,16.72717987716544,82.2061356185779,51.102673159499034,Not Normal
32093.995169607828,22.834290055585193,55.21587655458855,24.87720784869525,Normal
23081.338565812952,19.90300576577508,51.45448194277495,52.28870711464051,Not Normal
39837.04698741992,34.63356560644662,61.01053519174634,27.374264052344795,Not Normal
18208.00903280062,9.093192576701995,63.73487039525817,23.052820812308667,Not Normal
9172.483045976514,25.854336621427812,25.024306435855912,29.969445115983444,Not Normal
12088.384705085708,17.129563043128762,67.78320548563818,46.934582727117764,Not Normal
12042.521142677484,17.84598844776844,36.935217622087066,11.930111532519685,Not Normal
13354.64814317619,26.527932969745287,69.97668427546128,15.803056872960957,Not Normal
12635.494495717558,25.77308453973109,77.57743560689377,57.32946541147006,Not Normal
40248.110964176805,34.73767981106565,76.27709552867643,14.652039505974656,Not Normal
15003.404641952966,8.851828683623758,58.67506771855224,36.225002486208,Not Normal
24011.700582812475,8.12328948152499,56.41189246175258,36.86229566640658,Not Normal
54323.36254483065,26.730164513862235,30.00131729375882,31.929345412763464,Not Normal
31067.89021445798,22.351607510192274,74.27423052821949,40.46098867172502,Not Normal
41715.675618656496,13.224819996794176,38.99865663127001,17.640469918869016,Not Normal
14477.592916089641,7.382581069669598,54.76867959725626,35.396424727721154,Not Normal
15575.896034476893,7.569747487892916,39.89918650492617,25.469529038579342,Not Normal
7247.773894656338,31.825726239923547,29.36798540997852,41.3916992796054,Not Normal
14291.42846896905,10.756019741562287,64.06903878242156,12.76729488552322,Not Normal
20322.468646757727,14.701146863465622,23.803242437603267,36.3982579261712,Not Normal
14735.576635221074,11.79969206680964,72.405166388834,15.189869546082804,Not Normal
9878.639356638058,15.649889174958119,42.231075668278166,20.325368471327003,Not Normal
11634.972910533044,7.082715282382801,20.009428510313974,17.029039017797075,Not Normal
30342.83224179992,20.57179372724811,55.77903974660609,15.056077892784941,Not Normal
16348.354512318589,7.028376907766447,23.279633596932218,50.41410233583668,Not Normal
25034.84235764415,29.010695234670848,39.33186904746296,20.713916221348967,Not Normal
32687.94989701713,12.011362457312991,69.48835412190013,55.991808002544715,Not Normal
42971.71557461509,21.200357438135317,24.38827351353061,58.3459588939855,Not Normal
7162.167691260442,31.402372626843746,78.75369446492016,36.41932584654035,Not Normal
48967.571939997346,24.526321071415826,20.267394586100817,12.865061746614952,Not Normal
39534.521421999925,20.988733596540058,37.277670844133155,25.60015338587697,Not Normal
9496.746757187955,14.730012593461268,71.863283930645,48.875274484151774,Not Normal
53046.824325872745,14.990057391745937,42.138910481051475,25.206490078338874,Not Normal
55647.982029249724,25.084608655945704,27.132467164620948,9.78594700665338,Not Normal
8359.287792017507,34.82418083663502,45.216374316029956,35.623170101050334,Not Normal
20228.270648096204,24.855175695481357,38.927530046916786,51.48164683228191,Not Normal
49341.07038861838,21.733502521100746,78.98983315123884,48.77595129289263,Not Normal
46154.28297110121,26.919515307177384,41.93435423096002,14.631772707169429,Not Normal
15148.656064600753,18.956168368511545,75.2252730243205,42.00205379268567,Not Normal
16514.212783519066,6.804270278023557,82.43105013675142,17.12773448896059,Not Normal
25375.965653526007,21.868904476337296,50.36721937035706,17.001414400369473,Not Normal
31648.764185506174,33.728758535161404,83.69602006980745,53.07394753178518,Not Normal
39004.012434166274,10.259088270729789,46.4122637774235,18.731792400712656,Not Normal
25290.250176337482,25.700146724619973,87.48548915430757,19.478604058490617,Not Normal
30439.409387323136,11.028010659771695,26.250266716790104,5.0359364918714755,Not Normal
46110.90159735661,21.074830534192436,68.091348655227,52.886796876903475,Not Normal
7017.576158982884,7.900293489401589,54.56698283198501,48.59271472650241,Not Normal
18884.031938921144,18.511128087745554,47.1354163818953,39.50309142998729,Not Normal
44234.227223650385,27.684899866857382,64.28983151240206,46.26461701663632,Not Normal
54236.37607279596,15.427145727169462,69.26999641440318,13.362671208347049,Not Normal
33142.25931636164,24.94735173461654,20.305428875521635,30.20779770231665,Not Normal
34266.24168959236,28.863498823691877,31.68671621230391,24.317066304182948,Not Normal
10894.460623687683,32.81533458438358,69.91322354440231,10.157708944135907,Not Normal
29607.680175290006,12.039262455663607,66.64697895047445,31.737176686820824,Not Normal
34293.94965502627,16.979477474279243,87.62332535900741,55.640680768844945,Not Normal
18335.877699910132,9.572480399912523,73.2726453175548,7.203251547788197,Not Normal
19808.377702215956,34.77450506475125,86.55408954119366,21.030350242158665,Not Normal
25750.628970754246,32.81002903772886,69.1778351074365,16.41475149131369,Not Normal
6103.915877774951,21.19871390841679,40.863654604761024,18.098065951613297,Not Normal
22714.354107074807,30.26099883129264,27.375544557559955,54.96390035336564,Not Normal
16629.640384809958,20.628739318161266,74.7276704341455,30.743797982885958,Not Normal
23012.354369785306,23.707570640082793,65.09044550331411,30.646467711690033,Normal
11586.917250058817,7.673732963480498,23.373020867530737,46.831660335040525,Not Normal
53979.000440694224,27.658112614904237,45.20353261306848,13.49707122027092,Not Normal
37647.58494547268,8.831404509057045,86.97598708390004,31.799594475502794,Not Normal
42350.62755294693,29.782028907575853,55.02808019971408,28.649186776658286,Not Normal
48404.41812340361,28.46084263011158,50.291039521379325,37.83008798006609,Not Normal
32414.32094109815,26.262340932289295,52.03897236115058,59.97567367877412,Not Normal
9780.615844808304,6.084811415742863,34.62179068036146,47.31968917451259,Not Normal
34540.85980002013,14.093850678359859,45.80950196053567,26.882613665958495,Not Normal
37276.261491148354,12.893377097325285,45.88692791910236,50.515417875072586,Not Normal
45999.17108013815,15.804092224145572,23.664851413123067,14.38895998218641,Not Normal
28741.275042632366,7.629282402915156,73.72973399625428,6.675502746992807,Not Normal
12016.916653756007,33.10873469093188,49.15531023327153,16.244660485535018,Not Normal
20607.674818929845,21.61406722137129,77.55259207714963,23.72263558628428,Not Normal
24969.52630192493,14.165729319740706,79.52436007839268,33.081941660275795,Not Normal
40525.448273238064,16.9094455122285,34.839583828906065,38.83210272976599,Not Normal
36392.80675679015,18.41607621514507,66.01474375190901,55.083314446793196,Not Normal
24585.319924381543,23.01783000081852,53.05972629140872,33.041970525275175,Normal
59258.33868361388,20.470382830894934,81.61097165450396,32.57016045441512,Not Normal
38317.61506462879,32.58175919643252,35.10184754235179,7.763365540264017,Not Normal
18047.473545479697,19.908904487174908,67.4469240217031,6.920135396092309,Not Normal
10598.035994122205,34.764740444699385,62.54264855769058,35.31379790540046,Not Normal
13407.252655138262,30.542748732352873,40.671103430028296,29.099823728658947,Not Normal
18527.675061147947,11.255315430720074,29.562063255582082,51.154921723916424,Not Normal
13837.475529275562,32.91785643931749,65.61478323340936,13.837377159151485,Not Normal
15261.186322821817,8.490991936564283,71.70182206926314,6.373441416437728,Not Normal
20680.234278161588,29.52349125473575,42.0939140634345,29.69713223615692,Not Normal
14535.547741211516,16.418698804297403,65.13828228156197,18.06132062137416,Not Normal
54322.09835445338,31.339229613352085,47.65916353280523,7.72879053363606,Not Normal
9412.856011390322,31.041700703223512,69.92448182978325,44.85290577661959,Not Normal
33848.126426364004,29.177762003528635,33.94506924258371,11.137614997648612,Not Normal
27571.82548443138,28.70091308921184,82.3150501845322,38.457572500427446,Not Normal
59030.823929973354,14.140374172941224,40.118671752590586,20.4577362591789,Not Normal
11162.13961924288,7.427578491537565,45.7450191429307,14.542282769526212,Not Normal
26882.05794751579,17.089405362954842,24.066436645624485,25.88633376056246,Not Normal
58320.87383014529,10.20573544959526,27.805854862489348,49.07951769226245,Not Normal
52602.891924168915,25.84853266707385,56.11033318986297,26.565146729751497,Not Normal
49938.963902210395,15.382991796133567,38.73148737095801,46.29233070660806,Not Normal
19184.65548747169,34.26830602579744,78.4836158019536,11.901746323953287,Not Normal
14398.81730645362,24.22916232035996,21.028537205846767,47.50242808157935,Not Normal
41775.3770958437,29.67441690903083,46.536583407035536,18.031332869865675,Not Normal
56115.67940201722,8.975740182255453,43.61418827383649,42.256622143888,Not Normal
35621.959115766134,30.860434468178678,21.35293416423207,36.1179855162548,Not Normal
36438.69792084449,32.68271571540183,28.705787930035715,56.10295944664281,Not Normal
20398.85015131563,19.611857564568076,48.95498724430447,26.302738488642273,Not Normal
47322.11132555653,23.187588132529324,54.50052091132127,8.639085385894225,Not Normal
15287.406170663786,27.944294027089864,48.30028230784084,6.05355170531891,Not Normal
22802.358002233403,10.245158817812376,57.16563748884657,50.47722085350142,Not Normal
28399.004123902923,20.07698229390327,61.659217243397705,33.86046007137877,Normal
32918.57082764503,16.959890833169393,20.694667478948496,47.63842285092221,Not Normal
18332.535282829413,9.391219764867474,52.486661161745275,17.893408000633308,Not Normal
11316.025360656195,16.02603266874594,87.44494686213118,23.979606003227854,Not Normal
38584.10233428979,7.045169281564807,56.33225960906841,6.655712971622542,Not Normal
20874.680428214066,5.774357208484609,67.42795872212673,57.88207785157617,Not Normal
36968.10217824367,9.054988674644683,41.83047005418182,41.73273486854474,Not Normal
13489.949340081128,33.89345334767522,74.17939647069338,56.32627982676184,Not Normal
31462.70560201496,21.48588607685051,74.10450373132807,19.60230240859898,Not Normal
34292.41879033722,33.974664834596595,56.490723335789724,38.63049861741135,Not Normal
7850.294525233479,17.97493634990396,88.32096762954495,42.31749825609508,Not Normal
23513.23530066563,14.354483992557787,28.788515033385735,22.465233514167366,Not Normal
12392.807231643583,20.18425588520732,21.18633654227067,51.64600792585966,Not Normal
8485.623376002226,18.185350658987304,73.91107482299671,57.09388045951363,Not Normal
59447.81278144699,8.169940527852317,76.50088761554179,53.66703147328024,Not Normal
22729.461473609765,24.224789440706186,28.414506038440337,45.64868367666549,Not Normal
49543.09452200492,11.481145475287988,38.590798307102425,20.26055738487247,Not Normal
19005.23601200701,23.587638646934888,21.228665435664023,20.488882315809747,Not Normal
42482.64972231611,24.5060327719446,40.53160275463953,57.984817624532084,Not Normal
46812.53229393276,9.560745593859444,74.119931174307,5.565647276463062,Not Normal
37760.13073343143,6.840488813320045,56.25723693988053,44.38274852831795,Not Normal
30936.69037025871,28.422847582053194,44.36669152178017,43.84353894053942,Not Normal
27651.25027809977,18.794012713079603,46.02175064344312,39.24792475223886,Not Normal
24187.754659864742,6.744913865164274,20.09475380008277,59.455986534777615,Not Normal
56124.10293363042,34.84598951509301,40.98603692956651,22.153368967004887,Not Normal
50684.0674283251,6.733416829890999,65.25211191465513,23.698452508628648,Not Normal
58076.48008665819,25.851056865756597,88.193611067145,9.341667162060556,Not Normal
11836.34729170496,34.51036775790241,79.29425788887296,29.35389750990556,Not Normal
45197.711136200436,12.175403126477768,21.651647525187038,19.357668942916646,Not Normal
56608.72512515708,9.267481060615886,82.89924232723875,23.886268619770433,Not Normal
14967.818639111309,8.641548182672867,74.82388893090382,50.90144846405952,Not Normal
8657.294705172762,14.098254427027866,74.62632864996863,56.45164824401227,Not Normal
45761.63571095325,8.031374330319402,52.05970313025,15.21531896028521,Not Normal
36596.02122489516,25.76484025082396,47.8603705068152,25.487991235440624,Not Normal
51300.58272170497,6.868753943901881,41.204101018323485,56.07468091634667,Not Normal
12687.480714445923,20.28266384449369,24.598640126805606,8.399465337907245,Not Normal
48739.70215229396,34.9009056155893,35.976475444558936,10.079829046125818,Not Normal
16089.50260262595,29.419108085180564,37.262254448461725,13.953504406342615,Not Normal
14001.076857613747,23.456583146930328,53.88539487971411,37.736705876978114,Normal
14034.618886204611,14.18760862359835,72.32110846176857,13.27597490532986,Not Normal
49801.60961272602,23.716875088749156,53.166687987856264,58.24420097979034,Not Normal
41585.84713829101,20.81124391734955,24.049111461301244,29.56929899921862,Not Normal
33768.59836230156,17.782501516711143,87.04528606917427,32.58348781925915,Not Normal
24735.676626792636,8.921311302205984,85.99070233658786,18.566223869297357,Not Normal
53246.02974472095,31.598126457214,74.9632680203886,30.90281388391034,Not Normal
26584.480908244946,18.493539464639674,89.39295310949544,41.40524979503564,Not Normal
49912.96917093674,10.838675354622952,58.113763296018405,46.31474253247235,Not Normal
29152.419971362015,16.03278052631869,87.39378451772443,46.46274454904522,Not Normal
25731.943618369918,17.42389257586781,25.292352843172555,36.78401119817486,Not Normal
30447.388211828355,29.82613686700623,45.59765237829599,54.73978762466215,Not Normal
21575.783079027813,27.00843141684206,35.776688760473604,49.957431601836014,Not Normal
46118.51590969381,28.079146809240193,33.708315889398904,46.6376463084244,Not Normal
32649.621455086355,5.330937932859417,29.856206422487325,8.058303692425334,Not Normal
17771.698233074952,17.484619945392843,63.56895490961976,5.3782879220807125,Not Normal
54476.60153010127,19.44032454905971,74.69252990231135,16.684600245751014,Not Normal
26114.017175526627,5.5757683046917,60.480887959425246,41.493797665239875,Not Normal
34895.407361269376,12.794396262351027,30.28738967117468,27.61586188854002,Not Normal
54855.96610305008,27.80869469366405,76.77866389534296,27.132344261462144,Not Normal
39333.08977526957,9.113291171869971,64.51682950146099,53.652278852628754,Not Normal
11429.392238960023,21.05930394357775,47.171599428889685,54.25595664725113,Not Normal
56690.76679874113,11.456056160517125,67.18912068752441,55.004639522947215,Not Normal
39523.94291892798,5.363623239316798,38.193348546998294,22.263294208326503,Not Normal
23419.808806139736,12.236043727986244,44.16345459459474,43.0080697006594,Not Normal
12659.963996486298,34.27621264730161,84.22400901923932,19.939824970090328,Not Normal
48671.38540986628,29.046113356489688,40.33531539699943,15.483540819094738,Not Normal
39104.00157606824,33.787299329631,52.89917877105556,15.154785154105307,Not Normal
34340.36005869768,19.63562131779087,82.30987961772102,23.81591914749767,Not Normal
54164.09206780267,8.292085960325105,69.54049451872692,28.647669087890193,Not Normal
48372.84661734919,21.43878466921079,24.35422583152919,50.70220440802876,Not Normal
13342.118385301315,18.631320036798826,30.311213099527926,11.594010140999165,Not Normal
22144.713728755152,30.330712482188478,20.54891135403418,45.42092160671918,Not Normal
18666.902689795614,7.942477423527338,64.16452531604143,34.23002028041179,Not Normal
45917.046091497235,19.647234110653343,51.33713977872928,20.836993847179585,Normal
6844.283910467866,9.501459940819528,29.399239563159288,32.10507714930535,Not Normal
36343.93266792241,14.7402778067018,87.05538847397393,21.496813837736244,Not Normal
46935.22771573798,27.120712321633988,57.076180676193395,37.78450753810683,Not Normal
53222.11002189622,19.280543881062997,36.93253058790224,28.86141575703843,Not Normal
23814.49617937491,16.276648554373082,55.04224998082953,14.042304099338331,Not Normal
50169.15175696071,16.83428835710106,67.57342329145754,11.412069100563318,Not Normal
11084.745532536397,18.7834030521796,25.336745258149513,35.068262513967156,Not Normal
51554.8760453985,28.550496315111708,39.22926705335244,54.63271683073569,Not Normal
12011.876428259033,31.76254066820703,76.48758436187956,23.917672760672705,Not Normal
26850.8009808202,33.66004059511785,52.176540928186284,45.315005897244276,Not Normal
48851.24511787545,28.607101587658853,58.26039994226064,41.226374521687184,Not Normal
13245.458504182558,14.462206872440381,50.29712015466285,56.23552028702146,Not Normal
17608.82673779528,25.644041182596265,23.07299598501036,50.153955951452744,Not Normal
44723.89126161864,18.128093721661756,31.602484587410913,36.16328923980046,Not Normal
44602.00951003409,12.640118661381536,51.187914711932365,41.136677402875904,Not Normal
40263.11980869135,30.22614738277768,34.64298257855495,54.41125566212192,Not Normal
43167.1644456905,6.15279046886975,23.498532006177513,26.973533152281412,Not Normal
34849.844384117794,32.0528597640627,79.05547648362767,22.973708822177755,Not Normal
18848.948239882404,18.844323938742026,88.6834770414881,5.594609599935799,Not Normal
24013.27964271557,24.116044304248412,75.52000117977175,50.460309080530536,Not Normal
14987.874424078413,24.78061766617348,79.76494451932669,49.05393852218507,Not Normal
54964.780873349555,31.85353222119609,36.938399122193175,10.744998495508327,Not Normal
37086.548712136624,24.10009046501622,87.24388828592399,36.72715596229851,Not Normal
27046.827922000193,23.418007542801853,33.78479931173999,30.518993399178807,Not Normal
30410.319200427297,6.999561216820699,86.60008672532825,11.52900025300113,Not Normal
57100.58367864984,20.552240658356123,89.63735057761657,58.931252488339794,Not Normal
13434.327171384411,9.50507002451125,69.8205964022234,16.80827381048455,Not Normal
37242.64076092385,27.123013061644567,88.68006122542754,8.697879904980862,Not Normal
32823.87733864563,20.366657624380235,59.86778456969726,37.71660587260503,Normal
38629.98294890563,25.4068333762506,38.16792482232633,45.637667242316795,Not Normal
5996.060110146228,6.250187018071528,50.589711996593465,6.7843895325952825,Not Normal
52966.81499192833,7.543760481374097,61.54926547651502,41.22947012998622,Not Normal
56266.505536598685,26.48970164188047,25.115709341891048,34.27605317733,Not Normal
36082.32509740649,7.1625300799602005,63.56402852320723,10.679575488127663,Not Normal
43315.79531322907,7.137701832957758,88.68244857336062,14.488813232049914,Not Normal
55737.46596475126,5.3632542570466235,33.307535484860935,36.23858635238443,Not Normal
43898.124887236925,33.695041948984404,75.48165814018682,21.29966874323086,Not Normal
13389.647360284374,27.12525078377021,83.55291556457335,56.607365075822386,Not Normal
36695.859809174726,15.597542255061924,86.05911149741546,50.03071262162279,Not Normal
38369.327551057075,13.896067438629657,87.2094923083813,59.09619635825147,Not Normal
28327.18692163123,15.491096892375486,56.502174710503034,19.28189614227277,Not Normal
45504.43295935976,28.239605935435456,88.41155355940526,58.334799803888735,Not Normal
56390.185812295815,24.841118332112433,73.01171449941072,28.717862838535684,Not Normal
55906.268209872695,10.555867036024038,31.317000536587333,24.113533742256504,Not Normal
29796.165427227264,10.22328006002253,53.3830074527579,7.769223983314428,Not Normal
11228.092521241539,7.9518694914019195,70.28318227604028,7.902089182278145,Not Normal
59166.2659429284,24.809081591040144,37.31382210733584,43.06061907706601,Not Normal
51139.39475452637,27.93117986665208,64.84306284842211,30.186094693871535,Not Normal
11856.447466179678,12.951392849750121,66.66203353326335,17.458689431985814,Not Normal
55646.30354395548,5.628348830927385,31.38898206659961,38.7683668478878,Not Normal
52844.29991341705,7.465150024292821,59.55597187169294,18.907196503756115,Not Normal
33536.09314193396,34.035801045350915,74.01388376850254,36.76974648894324,Not Normal
37520.14896597111,13.863343324322608,54.92269651751593,24.75648108404797,Not Normal
26945.148712857164,28.07669443514401,20.84721817432752,50.29537246365005,Not Normal
8011.890135211723,23.739907065627914,20.63269283555045,50.13828884217286,Not Normal
23435.84829052455,16.458189189586875,44.99205407790085,31.25427189673207,Not Normal
49156.93967289063,11.170617865866653,84.83358479022473,24.29505101342586,Not Normal
5254.761265253157,8.641592544782192,36.007374572252616,24.9407888107502,Not Normal
23342.45444301293,23.450389041165998,64.40545822101811,49.31429891175198,Not Normal
26899.278147501882,28.239013419133638,35.54531094853244,23.04987155386866,Not Normal
34556.75816158576,24.31712760623392,42.5168992761684,16.49826555387653,Not Normal
55592.05890270183,20.90906399747475,79.36294627210387,9.657858803141876,Not Normal
24049.029690127867,6.258536702949088,71.02030095889629,30.66812164864246,Not Normal
24082.426104292525,34.05466332783151,26.677949411924743,31.517265440591302,Not Normal
45562.56864603616,28.961425749637236,50.00914146905035,51.249979072159896,Not Normal
29871.986748939395,13.784661101028941,22.041883455168513,17.168128304533518,Not Normal
17353.26526169901,34.39910988076552,53.66231026221063,25.954520051761996,Not Normal
29884.17338729814,23.056447689089662,66.37038081907477,49.462315639153005,Not Normal
12747.136120888992,22.472679746217395,28.29518365187061,50.29929859119354,Not Normal
14701.284257842282,27.442195382885963,40.221945723641596,26.15360917883225,Not Normal
32410.227500671386,29.353093642704128,47.848563785150986,30.251821280767448,Not Normal
28040.899722750135,24.69435821994508,84.36717172592348,21.68072399671056,Not Normal
55316.5245587455,8.842872390986,89.52785107960749,56.290518313062165,Not Normal
24931.66445141482,15.148025179834953,23.14379092969311,11.525407115786917,Not Normal
36932.35926529239,32.8425092097815,73.27055464467745,56.35621826508085,Not Normal
39774.53583557417,11.738468355315558,46.02068464816402,42.612654850943876,Not Normal
5720.19511235835,16.165010715125398,47.472073036063605,34.23646839777022,Not Normal
41494.55546091908,17.96230648832588,72.7985481342916,6.796248343147273,Not Normal
14791.978177836329,18.182149690833565,84.2898502501786,31.157790550210457,Not Normal
57858.86746082003,23.388187474835764,86.56500161517839,27.426145775150275,Not Normal
13176.450026421213,33.29227513234123,60.39858102268246,13.867034658631741,Not Normal
27804.326804986304,12.220781354975149,44.99848115103519,41.10252819253613,Not Normal
9694.231744325412,8.645041289027542,75.12843601011454,58.41329990525572,Not Normal
59828.0838515271,10.924114695798119,37.57009682836102,35.920384608548886,Not Normal
32620.725568218342,31.607747006278085,59.485182018346244,44.31143020441702,Not Normal
37746.17595260241,24.37432437965618,45.10049230674112,8.764774891130923,Not Normal
8689.206256363512,13.577203677174804,65.96417515955133,27.97168476993471,Not Normal
46247.82587195478,29.47840816905852,36.82792390254548,11.399716684047274,Not Normal
16544.80762025722,30.84109989090308,33.4115062014378,38.70377095450807,Not Normal
54392.985919239254,30.39543016070834,84.2767360672806,56.6165187017785,Not Normal
16282.680226510394,32.56779600918664,27.126257806467585,41.39777528594012,Not Normal
15487.824636501662,12.567230605200848,55.41705354144521,9.224167657293183,Not Normal
7010.231731645218,27.65125786238835,35.45969480741063,24.506641274179557,Not Normal
30963.68198104996,18.816184918224202,22.725097432796723,35.28648586924683,Not Normal
36066.2623294439,30.259956586701847,22.52131728039985,27.176426587328873,Not Normal
8613.97516855938,26.854720314848397,32.265524047407915,50.85042057613448,Not Normal
47654.018918225585,28.293423394991738,80.67392481542001,49.80690525904941,Not Normal
29930.88591114152,24.684855130432144,39.77351207839187,38.65070610567718,Not Normal
33841.4648130169,10.322863084091207,86.5321419402707,25.54018698229879,Not Normal
29241.951081602547,21.35080756690815,60.71356050924355,19.04350055697843,Not Normal
27041.968348142927,34.54009218573525,50.562993283813626,10.823087501722112,Not Normal
35780.21822195199,33.12164199491357,60.60621842686182,24.519372591760472,Not Normal
13538.213526189187,6.29521207391035,56.168886965838745,27.724488446424573,Not Normal
15006.047177239912,9.944444471883113,73.11433776301277,42.17026088072405,Not Normal
52398.209155743454,8.951863203636858,39.774724618099654,41.19879033636654,Not Normal
57036.3504173498,26.779397299558866,44.713527412021165,8.855947680269132,Not Normal
25532.012395386413,29.53355989570835,82.58660117732755,26.739262348713677,Not Normal
19890.957022895458,11.405340989320157,86.25195592052839,14.997837696954905,Not Normal
40419.97487814587,20.175580788554868,82.4790759240532,13.624698792424313,Not Normal
27480.3794103953,30.221090840336,49.36135957701195,50.50161823554853,Not Normal
6396.249561318968,26.98404634298752,74.62558521048172,7.305336919394164,Not Normal
13588.39285514047,21.26711616475545,53.343501331076915,28.055058174616672,Normal
44378.47258660686,22.710430713763188,54.82778965022715,14.251201067158501,Not Normal
41240.816805058326,20.2508164074884,34.32760763400988,53.36316186231607,Not Normal
6490.279587691592,13.926453539564617,61.37912122809615,35.63722823012694,Not Normal
17208.46890631222,21.950659785770483,33.029512842734356,17.725935000726643,Not Normal
17709.113812343927,25.66655906150272,43.20952893470356,32.633500794150706,Not Normal
41954.10089793006,31.19968747582423,79.85211411339546,45.23174978367137,Not Normal
6084.079576490029,24.088740619377443,34.495306644759864,57.696490490568856,Not Normal
10725.972009151563,27.83364611129474,24.981079962140296,17.124530233498042,Not Normal
48995.38469552541,9.80214904863719,24.830531482897143,53.73999746711398,Not Normal
14819.95641298835,18.846724232593697,85.85491643521755,56.38672627921196,Not Normal
40901.03593185311,5.279948594812799,55.484430657328424,55.40312994926364,Not Normal
18100.05295756996,12.40036593564869,48.65884502719128,39.947789627405044,Not Normal
10469.276601763984,26.793851453390147,76.76150067055428,39.64013599390892,Not Normal
18374.470504969977,34.7542985404809,78.50781495373613,27.176584825110254,Not Normal
44724.68125206125,7.975342987616477,43.25337231809232,46.381883526708336,Not Normal
52063.30574584572,17.044829475838647,68.55326402316567,34.22117100930126,Not Normal
50662.092551184534,29.002129060974784,73.97859710963206,42.25909391755619,Not Normal
26845.094129015015,11.121069038866965,65.82554808061681,28.56518471168375,Not Normal
41744.68251138554,21.65254847906859,30.611655236006957,45.23230552237265,Not Normal
16274.136247870154,26.992138880890245,81.311815846194,50.3459334682502,Not Normal
21123.12516435573,23.47956350780537,57.73661869152061,13.053994113154886,Not Normal
54298.47001866159,10.640742038462484,39.77306984590026,50.81113435658254,Not Normal
5715.105793090482,15.661537060572183,49.76597298063857,34.7163092484669,Not Normal
9702.969196995744,28.513753534561918,22.629976327923515,51.45662499996234,Not Normal
16433.7440330315,21.6267954239605,28.950676085569228,28.721593848755802,Not Normal
6459.271213060085,5.156888406287382,73.58827253611025,25.847226696066926,Not Normal
14978.948929938852,27.829722800842816,20.00081443287563,55.32834028844724,Not Normal
37067.28585333307,6.059340648207172,49.15960799376045,18.81430971516207,Not Normal
28178.350282587387,27.372013481936964,56.57571267599119,51.43167789073787,Not Normal
54096.94410923362,11.074416804957123,23.82440940006806,31.621131488017227,Not Normal
49959.39589561425,33.74220440358141,88.1154714080633,33.275249340319284,Not Normal
23799.95434338318,16.038222539062534,35.82877318747703,21.965755481921622,Not Normal
19268.288838721084,14.807948490142373,41.293910374539664,36.517321034045864,Not Normal
25883.08244919968,9.46664150997334,41.27597585785192,22.886615795191624,Not Normal
37466.22183831442,14.168126464706447,36.1291663482145,7.159817783290877,Not Normal
19743.500245258194,31.299522854846018,20.1031675460418,19.959923293939582,Not Normal
39328.18993170237,34.890030128817415,71.05413558615975,5.350847387362487,Not Normal
27517.640870518222,16.049285915205452,87.67918498594997,58.809513288127114,Not Normal
35362.59494685891,18.458318928636277,35.700543829953155,58.11609654008611,Not Normal
28986.95910244242,26.66212814608211,66.41330342623957,26.733541360976776,Not Normal
21195.616774805472,31.585873413952235,71.93274288711007,45.06039698868053,Not Normal
57164.931882918616,22.791330025603525,79.38977653633674,24.019335412573373,Not Normal
46998.31867878685,16.745770945334883,49.584043790952634,41.91012363972868,Not Normal
12706.22466715489,17.37865522545871,41.205163394830045,49.29865236752885,Not Normal
52765.738674385204,25.868544394904205,42.77065938161218,57.07159345807324,Not Normal
31808.71590372325,5.09654790812836,69.88349331689591,27.01167517173196,Not Normal
54200.37247917503,23.58768012379522,77.17456265539452,48.08138906258262,Not Normal
48992.03907710234,15.664790313240722,32.71297774296219,19.626064784766534,Not Normal
28386.74274580784,28.825919938312527,45.96587057104357,59.468276708650656,Not Normal
6235.811957606456,7.789719194693965,83.1358137724405,6.417327932039313,Not Normal
19777.254766172035,22.646068008451714,76.46854637863174,38.19408435756165,Not Normal
34789.88180634768,19.429186696583713,88.94008819337331,41.272828990822994,Not Normal
39841.3020904381,24.26976577715682,72.79737817774566,42.84250563907709,Not Normal
19183.822698826123,6.94560783448905,47.523664071954556,11.621316833399895,Not Normal
12664.584074005328,22.399513622843937,61.344648379624644,56.61913809102217,Not Normal
50921.16302396145,21.844537638785713,66.27099779731242,14.965080347754554,Not Normal
59142.11993869537,21.819802832485127,25.491907142198677,39.25143717819126,Not Normal
33912.96002664772,23.104629997893646,58.114787137270554,17.247184351769672,Not Normal
14442.360721656692,25.294038116790865,69.65245799308266,21.896902936169898,Not Normal
19976.90295856529,29.149669990423092,31.712491280074225,35.05521979504684,Not Normal
6011.48721011067,13.09462160384643,74.64422021978899,27.945638021051707,Not Normal
55286.43436082744,29.75148230540186,60.86409463598781,13.812408053707847,Not Normal
11476.309558957762,19.94767046790361,86.65552499883162,14.401502133146655,Not Normal
36708.40615328394,7.311748374029935,22.96956087448242,27.99796334895398,Not Normal
20073.03713779633,6.756527877319376,38.57282962888269,46.65056380515254,Not Normal
35479.79013836864,15.027149560881824,62.10877155098768,54.38805557662837,Not Normal
40828.12135935253,28.546909313344027,40.759193854415145,9.627021424266056,Not Normal
50635.79920389609,26.230428042227473,70.00969148498694,26.620714915767056,Not Normal
16353.169946833177,28.658448940172192,73.13036977653516,10.513506004758215,Not Normal
5604.770576216426,20.51807169324828,27.17611748465321,5.912586434792884,Not Normal
12528.7096537844,18.205969938664715,55.96981249447374,41.39452754541762,Not Normal
54501.02530164578,9.42357580118852,55.622338891373914,38.13471930816233,Not Normal
53063.95426593834,14.845782608279347,45.84965391508787,13.966051259818741,Not Normal
37857.720619366955,18.020580985216256,85.30474037987705,17.859705820118528,Not Normal
38028.427323850934,7.658012890388517,77.92544239112549,6.303926450448511,Not Normal
41577.01710004405,11.618358581336338,68.80465673367458,50.922096313192206,Not Normal
14645.420324289727,22.946758821912166,70.00286450144984,58.607982782670334,Not Normal
55292.65702587279,27.069893427175696,52.32013006691834,12.450274523707995,Not Normal
28032.37886906402,34.95042534178849,84.46961647676031,17.7311367570914,Not Normal
26072.61905372236,32.99339994030673,68.62167990772997,52.76252381708137,Not Normal
33540.47379055606,24.276955986055746,71.02867431590715,55.95550888759016,Not Normal
7583.128172628028,17.63744159882216,80.31836326511416,28.07950605437457,Not Normal
14145.585281584368,24.08532094124698,39.18501125395337,7.784235974799077,Not Normal
45591.84890345037,28.56954854240696,76.49496327066922,7.166550853105067,Not Normal
9553.926735881956,8.55008572770162,33.66684220695444,36.56724263379557,Not Normal
38173.36602065135,17.297146690888646,44.17393665714215,26.609230989124846,Not Normal
18494.20103247265,30.194068569068516,43.49273179888899,6.575883516770999,Not Normal
26411.25877230871,16.51498855799132,88.49678278723984,37.07888157719062,Not Normal
20878.155522388493,22.156168136815594,79.95760566235488,5.621639512396236,Not Normal
24561.9994055722,22.633080825865946,69.08189031131818,48.30545769821001,Not Normal
44547.5247851335,10.53428759400918,70.89397331307731,21.853805248685436,Not Normal
21341.694359274625,15.867063249568652,59.345095608179975,7.214190165507766,Not Normal
36152.255216329344,15.035338662257963,86.29634669759633,37.359372154073434,Not Normal
31182.77212095048,5.785901255961944,54.73811270176531,26.87264279381801,Not Normal
41501.91409494565,5.725752916740658,46.636239690892616,58.55902273464322,Not Normal
56525.63566286169,29.950911310273202,31.41247358521137,34.93092643770362,Not Normal
45291.46534656377,13.192124299184373,75.03439565827406,20.138154957035454,Not Normal
16821.72082249162,20.542362987164463,71.4110752452914,44.019137554868614,Not Normal
6715.072428370657,13.961767207663192,46.904852696689446,19.93206013984912,Not Normal
19424.522436490377,33.220377353460215,21.763538977146055,54.73338102741608,Not Normal
37729.286188514016,12.778902765973212,78.72981294026076,25.609708377905704,Not Normal
7828.419741633769,17.889704382168052,20.799258841785154,35.24277095269129,Not Normal
32300.143596068,31.181907514538054,69.25898457403358,7.781520710332588,Not Normal
37826.356690428904,30.25800700375426,87.91799768082399,28.43666808737269,Not Normal
23383.413994932846,10.58304253538832,50.63629297037424,50.77999468135472,Not Normal
47400.171206020204,29.079299293871312,36.44813834971669,49.31068429498381,Not Normal
10862.90392235745,18.74560660213678,69.34097070303672,17.337520736943944,Not Normal
9132.57799546948,19.489066162560654,77.19896994109095,17.434348905580947,Not Normal
45050.38159119819,9.004399172478314,58.25012212544931,49.95179217172802,Not Normal
32252.022391340914,7.41804541271374,87.69246926793024,56.171913109312904,Not Normal
42862.13180352548,26.838179209212957,23.616810516057278,10.244850670015195,Not Normal
28915.50362320604,19.893834570658992,55.33569188131697,29.753225168442388,Normal
18552.111828150875,18.105521078455386,70.2917763125785,23.559985343032594,Not Normal
50050.62747208098,26.8852468595719,80.38483298044252,52.887865050159164,Not Normal
48967.87334329386,27.96538696973329,32.547892833545305,9.593870307401033,Not Normal
43208.30589699347,9.767245030080607,76.0002437234577,16.611926840692057,Not Normal
19967.98254764795,23.30675448432924,58.68949530029817,46.38575856725719,Not Normal
37462.68667779979,9.060622468330566,47.75875773929742,7.821161693966857,Not Normal
24853.564331701473,27.54125258087137,29.220052000536548,32.08944593928591,Not Normal
10037.014032964878,24.708654688014185,80.57070312362387,29.315886907384602,Not Normal
55452.24665042335,33.69843863250374,31.009124572580074,23.392064844381178,Not Normal
12525.024700542877,7.068740490692635,41.68515014463695,26.70147734254081,Not Normal
57263.054460144136,6.71164163453763,40.30318723737058,34.14673228116281,Not Normal
29530.317512687565,13.465612240796004,80.9989823933598,13.875204711361071,Not Normal
